ds,trend,yhat_lower,yhat_upper,trend_lower,trend_upper,additive_terms,additive_terms_lower,additive_terms_upper,daily,daily_lower,daily_upper,weekly,weekly_lower,weekly_upper,multiplicative_terms,multiplicative_terms_lower,multiplicative_terms_upper,yhat,listing_id
2016-09-06,70.0,69.99999991531236,70.00000009239206,70.0,70.0,0.0,0.0,0.0,0.0,0.0,0.0,0.0,0.0,0.0,0.0,0.0,0.0,70.0,4452800
2016-09-07,70.0,69.99999990797987,70.00000009003847,70.0,70.0,0.0,0.0,0.0,0.0,0.0,0.0,0.0,0.0,0.0,0.0,0.0,0.0,70.0,4452800
2016-09-08,70.0,69.99999991291659,70.00000009516974,70.0,70.0,0.0,0.0,0.0,0.0,0.0,0.0,0.0,0.0,0.0,0.0,0.0,0.0,70.0,4452800
2016-09-09,70.0,69.99999990873705,70.00000009104474,70.0,70.0,0.0,0.0,0.0,0.0,0.0,0.0,0.0,0.0,0.0,0.0,0.0,0.0,70.0,4452800
2016-09-10,70.0,69.99999990802112,70.00000008463385,70.0,70.0,0.0,0.0,0.0,0.0,0.0,0.0,0.0,0.0,0.0,0.0,0.0,0.0,70.0,4452800
2016-09-11,70.0,69.99999990853631,70.00000009856093,70.0,70.0,0.0,0.0,0.0,0.0,0.0,0.0,0.0,0.0,0.0,0.0,0.0,0.0,70.0,4452800
2016-09-12,70.0,69.99999991519473,70.00000008428749,70.0,70.0,0.0,0.0,0.0,0.0,0.0,0.0,0.0,0.0,0.0,0.0,0.0,0.0,70.0,4452800
2016-09-13,70.0,69.99999991361484,70.00000009189282,70.0,70.0,0.0,0.0,0.0,0.0,0.0,0.0,0.0,0.0,0.0,0.0,0.0,0.0,70.0,4452800
2016-09-14,70.0,69.99999991229406,70.00000008865663,70.0,70.0,0.0,0.0,0.0,0.0,0.0,0.0,0.0,0.0,0.0,0.0,0.0,0.0,70.0,4452800
2016-09-15,70.0,69.99999990480109,70.00000008529791,70.0,70.0,0.0,0.0,0.0,0.0,0.0,0.0,0.0,0.0,0.0,0.0,0.0,0.0,70.0,4452800
2016-09-16,70.0,69.99999990708888,70.00000008846972,70.0,70.0,0.0,0.0,0.0,0.0,0.0,0.0,0.0,0.0,0.0,0.0,0.0,0.0,70.0,4452800
2016-09-17,70.0,69.99999990716893,70.00000008774549,70.0,70.0,0.0,0.0,0.0,0.0,0.0,0.0,0.0,0.0,0.0,0.0,0.0,0.0,70.0,4452800
2016-09-18,70.0,69.99999990984325,70.00000008803437,70.0,70.0,0.0,0.0,0.0,0.0,0.0,0.0,0.0,0.0,0.0,0.0,0.0,0.0,70.0,4452800
2016-09-19,70.0,69.99999990604954,70.00000008682345,70.0,70.0,0.0,0.0,0.0,0.0,0.0,0.0,0.0,0.0,0.0,0.0,0.0,0.0,70.0,4452800
2016-09-20,70.0,69.99999991155802,70.00000008963592,70.0,70.0,0.0,0.0,0.0,0.0,0.0,0.0,0.0,0.0,0.0,0.0,0.0,0.0,70.0,4452800
2016-09-21,70.0,69.99999990547994,70.00000008902423,70.0,70.0,0.0,0.0,0.0,0.0,0.0,0.0,0.0,0.0,0.0,0.0,0.0,0.0,70.0,4452800
2016-09-22,70.0,69.99999990617562,70.00000008532933,70.0,70.0,0.0,0.0,0.0,0.0,0.0,0.0,0.0,0.0,0.0,0.0,0.0,0.0,70.0,4452800
2016-09-23,70.0,69.99999990712791,70.00000008799407,70.0,70.0,0.0,0.0,0.0,0.0,0.0,0.0,0.0,0.0,0.0,0.0,0.0,0.0,70.0,4452800
2016-09-24,70.0,69.99999991314972,70.00000008492206,70.0,70.0,0.0,0.0,0.0,0.0,0.0,0.0,0.0,0.0,0.0,0.0,0.0,0.0,70.0,4452800
2016-09-25,70.0,69.9999999047819,70.00000009024255,70.0,70.0,0.0,0.0,0.0,0.0,0.0,0.0,0.0,0.0,0.0,0.0,0.0,0.0,70.0,4452800
2016-09-26,70.0,69.99999991321546,70.0000000852071,70.0,70.0,0.0,0.0,0.0,0.0,0.0,0.0,0.0,0.0,0.0,0.0,0.0,0.0,70.0,4452800
2016-09-27,70.0,69.99999991622407,70.00000009210699,70.0,70.0,0.0,0.0,0.0,0.0,0.0,0.0,0.0,0.0,0.0,0.0,0.0,0.0,70.0,4452800
2016-09-28,70.0,69.99999990931333,70.00000008775095,70.0,70.0,0.0,0.0,0.0,0.0,0.0,0.0,0.0,0.0,0.0,0.0,0.0,0.0,70.0,4452800
2016-09-29,70.0,69.9999999050095,70.00000008560109,70.0,70.0,0.0,0.0,0.0,0.0,0.0,0.0,0.0,0.0,0.0,0.0,0.0,0.0,70.0,4452800
2016-09-30,70.0,69.99999991714073,70.00000009660049,70.0,70.0,0.0,0.0,0.0,0.0,0.0,0.0,0.0,0.0,0.0,0.0,0.0,0.0,70.0,4452800
2016-10-01,70.0,69.99999990750041,70.00000008765808,70.0,70.0,0.0,0.0,0.0,0.0,0.0,0.0,0.0,0.0,0.0,0.0,0.0,0.0,70.0,4452800
2016-10-02,70.0,69.99999991245308,70.00000009379059,70.0,70.0,0.0,0.0,0.0,0.0,0.0,0.0,0.0,0.0,0.0,0.0,0.0,0.0,70.0,4452800
2016-10-03,70.0,69.99999991331677,70.0000000837215,70.0,70.0,0.0,0.0,0.0,0.0,0.0,0.0,0.0,0.0,0.0,0.0,0.0,0.0,70.0,4452800
2016-10-04,70.0,69.99999990623208,70.0000000895584,70.0,70.0,0.0,0.0,0.0,0.0,0.0,0.0,0.0,0.0,0.0,0.0,0.0,0.0,70.0,4452800
2016-10-05,70.0,69.99999990672892,70.00000009216915,70.0,70.0,0.0,0.0,0.0,0.0,0.0,0.0,0.0,0.0,0.0,0.0,0.0,0.0,70.0,4452800
2016-10-06,70.0,69.99999991274267,70.00000009131163,70.0,70.0,0.0,0.0,0.0,0.0,0.0,0.0,0.0,0.0,0.0,0.0,0.0,0.0,70.0,4452800
2016-10-07,70.0,69.99999990671469,70.00000008684223,70.0,70.0,0.0,0.0,0.0,0.0,0.0,0.0,0.0,0.0,0.0,0.0,0.0,0.0,70.0,4452800
2016-10-08,70.0,69.99999991019111,70.00000009142643,70.0,70.0,0.0,0.0,0.0,0.0,0.0,0.0,0.0,0.0,0.0,0.0,0.0,0.0,70.0,4452800
2016-10-09,70.0,69.99999991092552,70.00000008805688,70.0,70.0,0.0,0.0,0.0,0.0,0.0,0.0,0.0,0.0,0.0,0.0,0.0,0.0,70.0,4452800
2016-10-10,70.0,69.99999991280306,70.00000008815798,70.0,70.0,0.0,0.0,0.0,0.0,0.0,0.0,0.0,0.0,0.0,0.0,0.0,0.0,70.0,4452800
2016-10-11,70.0,69.99999991546979,70.00000009005146,70.0,70.0,0.0,0.0,0.0,0.0,0.0,0.0,0.0,0.0,0.0,0.0,0.0,0.0,70.0,4452800
2016-10-12,70.0,69.99999991232039,70.00000008634927,70.0,70.0,0.0,0.0,0.0,0.0,0.0,0.0,0.0,0.0,0.0,0.0,0.0,0.0,70.0,4452800
2016-10-13,70.0,69.99999990955357,70.00000009178063,70.0,70.0,0.0,0.0,0.0,0.0,0.0,0.0,0.0,0.0,0.0,0.0,0.0,0.0,70.0,4452800
2016-10-14,70.0,69.9999999107295,70.00000008596841,70.0,70.0,0.0,0.0,0.0,0.0,0.0,0.0,0.0,0.0,0.0,0.0,0.0,0.0,70.0,4452800
2016-10-15,70.0,69.99999991045063,70.0000000845872,70.0,70.0,0.0,0.0,0.0,0.0,0.0,0.0,0.0,0.0,0.0,0.0,0.0,0.0,70.0,4452800
2016-10-16,70.0,69.99999991582065,70.00000009078722,70.0,70.0,0.0,0.0,0.0,0.0,0.0,0.0,0.0,0.0,0.0,0.0,0.0,0.0,70.0,4452800
2016-10-17,70.0,69.99999991067153,70.00000009041386,70.0,70.0,0.0,0.0,0.0,0.0,0.0,0.0,0.0,0.0,0.0,0.0,0.0,0.0,70.0,4452800
2016-10-18,70.0,69.99999990901128,70.00000009067908,70.0,70.0,0.0,0.0,0.0,0.0,0.0,0.0,0.0,0.0,0.0,0.0,0.0,0.0,70.0,4452800
2016-10-19,70.0,69.99999990685106,70.00000008570464,70.0,70.0,0.0,0.0,0.0,0.0,0.0,0.0,0.0,0.0,0.0,0.0,0.0,0.0,70.0,4452800
2016-10-20,70.0,69.99999991229971,70.00000009040022,70.0,70.0,0.0,0.0,0.0,0.0,0.0,0.0,0.0,0.0,0.0,0.0,0.0,0.0,70.0,4452800
2016-10-21,70.0,69.99999990880362,70.0000000890879,70.0,70.0,0.0,0.0,0.0,0.0,0.0,0.0,0.0,0.0,0.0,0.0,0.0,0.0,70.0,4452800
2016-10-22,70.0,69.99999991333304,70.00000009450737,70.0,70.0,0.0,0.0,0.0,0.0,0.0,0.0,0.0,0.0,0.0,0.0,0.0,0.0,70.0,4452800
2016-10-23,70.0,69.99999991470358,70.00000009239164,70.0,70.0,0.0,0.0,0.0,0.0,0.0,0.0,0.0,0.0,0.0,0.0,0.0,0.0,70.0,4452800
2016-10-24,70.0,69.99999991040893,70.00000009280912,70.0,70.0,0.0,0.0,0.0,0.0,0.0,0.0,0.0,0.0,0.0,0.0,0.0,0.0,70.0,4452800
2016-10-25,70.0,69.99999990978864,70.00000008364775,70.0,70.0,0.0,0.0,0.0,0.0,0.0,0.0,0.0,0.0,0.0,0.0,0.0,0.0,70.0,4452800
2016-10-26,70.0,69.99999991665163,70.0000000929777,70.0,70.0,0.0,0.0,0.0,0.0,0.0,0.0,0.0,0.0,0.0,0.0,0.0,0.0,70.0,4452800
2016-10-27,70.0,69.99999991421761,70.00000008752572,70.0,70.0,0.0,0.0,0.0,0.0,0.0,0.0,0.0,0.0,0.0,0.0,0.0,0.0,70.0,4452800
2016-10-28,70.0,69.99999991293461,70.0000000944749,70.0,70.0,0.0,0.0,0.0,0.0,0.0,0.0,0.0,0.0,0.0,0.0,0.0,0.0,70.0,4452800
2016-10-29,70.0,69.9999999132466,70.00000009258773,70.0,70.0,0.0,0.0,0.0,0.0,0.0,0.0,0.0,0.0,0.0,0.0,0.0,0.0,70.0,4452800
2016-10-30,70.0,69.999999912507,70.00000008910723,70.0,70.0,0.0,0.0,0.0,0.0,0.0,0.0,0.0,0.0,0.0,0.0,0.0,0.0,70.0,4452800
2016-10-31,70.0,69.9999999154238,70.00000009787114,70.0,70.0,0.0,0.0,0.0,0.0,0.0,0.0,0.0,0.0,0.0,0.0,0.0,0.0,70.0,4452800
2016-11-01,70.0,69.9999999091493,70.00000008395041,70.0,70.0,0.0,0.0,0.0,0.0,0.0,0.0,0.0,0.0,0.0,0.0,0.0,0.0,70.0,4452800
2016-11-02,70.0,69.99999990705864,70.00000009530578,70.0,70.0,0.0,0.0,0.0,0.0,0.0,0.0,0.0,0.0,0.0,0.0,0.0,0.0,70.0,4452800
2016-11-03,70.0,69.99999990592231,70.00000008704414,70.0,70.0,0.0,0.0,0.0,0.0,0.0,0.0,0.0,0.0,0.0,0.0,0.0,0.0,70.0,4452800
2016-11-04,70.0,69.9999999101124,70.00000009105543,70.0,70.0,0.0,0.0,0.0,0.0,0.0,0.0,0.0,0.0,0.0,0.0,0.0,0.0,70.0,4452800
2016-11-05,70.0,69.99999991490186,70.00000009139681,70.0,70.0,0.0,0.0,0.0,0.0,0.0,0.0,0.0,0.0,0.0,0.0,0.0,0.0,70.0,4452800
2016-11-06,70.0,69.99999991332471,70.00000008604295,70.0,70.0,0.0,0.0,0.0,0.0,0.0,0.0,0.0,0.0,0.0,0.0,0.0,0.0,70.0,4452800
2016-11-07,70.0,69.99999990901676,70.00000009557104,70.0,70.0,0.0,0.0,0.0,0.0,0.0,0.0,0.0,0.0,0.0,0.0,0.0,0.0,70.0,4452800
2016-11-08,70.0,69.99999990455657,70.00000008764803,70.0,70.0,0.0,0.0,0.0,0.0,0.0,0.0,0.0,0.0,0.0,0.0,0.0,0.0,70.0,4452800
2016-11-09,70.0,69.99999990459493,70.00000009296991,70.0,70.0,0.0,0.0,0.0,0.0,0.0,0.0,0.0,0.0,0.0,0.0,0.0,0.0,70.0,4452800
2016-11-10,70.0,69.9999999096507,70.00000008674284,70.0,70.0,0.0,0.0,0.0,0.0,0.0,0.0,0.0,0.0,0.0,0.0,0.0,0.0,70.0,4452800
2016-11-11,70.0,69.99999991404096,70.00000009380047,70.0,70.0,0.0,0.0,0.0,0.0,0.0,0.0,0.0,0.0,0.0,0.0,0.0,0.0,70.0,4452800
2016-11-12,70.0,69.99999990858974,70.00000008955162,70.0,70.0,0.0,0.0,0.0,0.0,0.0,0.0,0.0,0.0,0.0,0.0,0.0,0.0,70.0,4452800
2016-11-13,70.0,69.99999991084697,70.00000008900814,70.0,70.0,0.0,0.0,0.0,0.0,0.0,0.0,0.0,0.0,0.0,0.0,0.0,0.0,70.0,4452800
2016-11-14,70.0,69.99999991951712,70.00000009849781,70.0,70.0,0.0,0.0,0.0,0.0,0.0,0.0,0.0,0.0,0.0,0.0,0.0,0.0,70.0,4452800
2016-11-15,70.0,69.99999991113768,70.00000009562517,70.0,70.0,0.0,0.0,0.0,0.0,0.0,0.0,0.0,0.0,0.0,0.0,0.0,0.0,70.0,4452800
2016-11-16,70.0,69.99999991597551,70.00000009002324,70.0,70.0,0.0,0.0,0.0,0.0,0.0,0.0,0.0,0.0,0.0,0.0,0.0,0.0,70.0,4452800
2016-11-17,70.0,69.99999990586042,70.00000008563009,70.0,70.0,0.0,0.0,0.0,0.0,0.0,0.0,0.0,0.0,0.0,0.0,0.0,0.0,70.0,4452800
2016-11-18,70.0,69.99999991010299,70.00000008850087,70.0,70.0,0.0,0.0,0.0,0.0,0.0,0.0,0.0,0.0,0.0,0.0,0.0,0.0,70.0,4452800
2016-11-19,70.0,69.99999990640772,70.00000009371875,70.0,70.0,0.0,0.0,0.0,0.0,0.0,0.0,0.0,0.0,0.0,0.0,0.0,0.0,70.0,4452800
2016-11-20,70.0,69.99999990733053,70.00000009377032,70.0,70.0,0.0,0.0,0.0,0.0,0.0,0.0,0.0,0.0,0.0,0.0,0.0,0.0,70.0,4452800
2016-11-21,70.0,69.99999991207882,70.00000008848954,70.0,70.0,0.0,0.0,0.0,0.0,0.0,0.0,0.0,0.0,0.0,0.0,0.0,0.0,70.0,4452800
2016-11-22,70.0,69.99999990140188,70.00000008840645,70.0,70.0,0.0,0.0,0.0,0.0,0.0,0.0,0.0,0.0,0.0,0.0,0.0,0.0,70.0,4452800
2016-11-23,70.0,69.99999990262934,70.00000008383809,70.0,70.0,0.0,0.0,0.0,0.0,0.0,0.0,0.0,0.0,0.0,0.0,0.0,0.0,70.0,4452800
2016-11-24,70.0,69.99999991212627,70.00000009118112,70.0,70.0,0.0,0.0,0.0,0.0,0.0,0.0,0.0,0.0,0.0,0.0,0.0,0.0,70.0,4452800
2016-11-25,70.0,69.99999990848825,70.00000008686862,70.0,70.0,0.0,0.0,0.0,0.0,0.0,0.0,0.0,0.0,0.0,0.0,0.0,0.0,70.0,4452800
2016-11-26,70.0,69.99999990497354,70.00000008296517,70.0,70.0,0.0,0.0,0.0,0.0,0.0,0.0,0.0,0.0,0.0,0.0,0.0,0.0,70.0,4452800
2016-11-27,70.0,69.99999991084938,70.00000008807712,70.0,70.0,0.0,0.0,0.0,0.0,0.0,0.0,0.0,0.0,0.0,0.0,0.0,0.0,70.0,4452800
2016-11-28,70.0,69.9999999092404,70.00000008804955,70.0,70.0,0.0,0.0,0.0,0.0,0.0,0.0,0.0,0.0,0.0,0.0,0.0,0.0,70.0,4452800
2016-11-29,70.0,69.99999990257989,70.00000009048658,70.0,70.0,0.0,0.0,0.0,0.0,0.0,0.0,0.0,0.0,0.0,0.0,0.0,0.0,70.0,4452800
2016-11-30,70.0,69.99999990518256,70.00000008640251,70.0,70.0,0.0,0.0,0.0,0.0,0.0,0.0,0.0,0.0,0.0,0.0,0.0,0.0,70.0,4452800
2016-12-01,70.0,69.9999999091561,70.00000008851522,70.0,70.0,0.0,0.0,0.0,0.0,0.0,0.0,0.0,0.0,0.0,0.0,0.0,0.0,70.0,4452800
2016-12-02,70.0,69.99999990905414,70.00000009468091,70.0,70.0,0.0,0.0,0.0,0.0,0.0,0.0,0.0,0.0,0.0,0.0,0.0,0.0,70.0,4452800
2016-12-03,70.0,69.99999990521812,70.000000095199,70.0,70.0,0.0,0.0,0.0,0.0,0.0,0.0,0.0,0.0,0.0,0.0,0.0,0.0,70.0,4452800
2016-12-04,70.0,69.99999991930693,70.00000009378198,70.0,70.0,0.0,0.0,0.0,0.0,0.0,0.0,0.0,0.0,0.0,0.0,0.0,0.0,70.0,4452800
2016-12-05,70.0,69.99999991851969,70.00000008530623,70.0,70.0,0.0,0.0,0.0,0.0,0.0,0.0,0.0,0.0,0.0,0.0,0.0,0.0,70.0,4452800
2016-12-06,70.0,69.99999990868946,70.00000008834387,70.0,70.0,0.0,0.0,0.0,0.0,0.0,0.0,0.0,0.0,0.0,0.0,0.0,0.0,70.0,4452800
2016-12-07,70.0,69.99999991118715,70.00000009162468,70.0,70.0,0.0,0.0,0.0,0.0,0.0,0.0,0.0,0.0,0.0,0.0,0.0,0.0,70.0,4452800
2016-12-08,70.0,69.99999991116017,70.00000008744503,70.0,70.0,0.0,0.0,0.0,0.0,0.0,0.0,0.0,0.0,0.0,0.0,0.0,0.0,70.0,4452800
2016-12-09,70.0,69.99999990464896,70.00000009390432,70.0,70.0,0.0,0.0,0.0,0.0,0.0,0.0,0.0,0.0,0.0,0.0,0.0,0.0,70.0,4452800
2016-12-10,70.0,69.99999991723183,70.00000008176511,70.0,70.0,0.0,0.0,0.0,0.0,0.0,0.0,0.0,0.0,0.0,0.0,0.0,0.0,70.0,4452800
2016-12-11,70.0,69.99999991201537,70.00000008749562,70.0,70.0,0.0,0.0,0.0,0.0,0.0,0.0,0.0,0.0,0.0,0.0,0.0,0.0,70.0,4452800
2016-12-12,70.0,69.99999991280293,70.00000009284588,70.0,70.0,0.0,0.0,0.0,0.0,0.0,0.0,0.0,0.0,0.0,0.0,0.0,0.0,70.0,4452800
2016-12-13,70.0,69.99999991343505,70.0000000963509,70.0,70.0,0.0,0.0,0.0,0.0,0.0,0.0,0.0,0.0,0.0,0.0,0.0,0.0,70.0,4452800
2016-12-14,70.0,69.99999990509858,70.00000008433804,70.0,70.0,0.0,0.0,0.0,0.0,0.0,0.0,0.0,0.0,0.0,0.0,0.0,0.0,70.0,4452800
2016-12-15,70.0,69.9999999180776,70.00000009363437,70.0,70.0,0.0,0.0,0.0,0.0,0.0,0.0,0.0,0.0,0.0,0.0,0.0,0.0,70.0,4452800
2016-12-16,70.0,69.99999990500994,70.00000008970231,70.0,70.0,0.0,0.0,0.0,0.0,0.0,0.0,0.0,0.0,0.0,0.0,0.0,0.0,70.0,4452800
2016-12-17,70.0,69.99999990812408,70.00000009093354,70.0,70.0,0.0,0.0,0.0,0.0,0.0,0.0,0.0,0.0,0.0,0.0,0.0,0.0,70.0,4452800
2016-12-18,70.0,69.9999999137191,70.00000008839841,70.0,70.0,0.0,0.0,0.0,0.0,0.0,0.0,0.0,0.0,0.0,0.0,0.0,0.0,70.0,4452800
2016-12-19,70.0,69.99999991290159,70.0000000869591,70.0,70.0,0.0,0.0,0.0,0.0,0.0,0.0,0.0,0.0,0.0,0.0,0.0,0.0,70.0,4452800
2016-12-20,70.0,69.99999990983409,70.00000008977186,70.0,70.0,0.0,0.0,0.0,0.0,0.0,0.0,0.0,0.0,0.0,0.0,0.0,0.0,70.0,4452800
2016-12-21,70.0,69.99999990978799,70.0000000839869,70.0,70.0,0.0,0.0,0.0,0.0,0.0,0.0,0.0,0.0,0.0,0.0,0.0,0.0,70.0,4452800
2016-12-22,70.0,69.99999991456409,70.00000009239766,70.0,70.0,0.0,0.0,0.0,0.0,0.0,0.0,0.0,0.0,0.0,0.0,0.0,0.0,70.0,4452800
2016-12-23,70.0,69.99999991420033,70.00000008551201,70.0,70.0,0.0,0.0,0.0,0.0,0.0,0.0,0.0,0.0,0.0,0.0,0.0,0.0,70.0,4452800
2016-12-24,70.0,69.9999999044361,70.00000008718989,70.0,70.0,0.0,0.0,0.0,0.0,0.0,0.0,0.0,0.0,0.0,0.0,0.0,0.0,70.0,4452800
2016-12-25,70.0,69.99999990735822,70.00000008466203,70.0,70.0,0.0,0.0,0.0,0.0,0.0,0.0,0.0,0.0,0.0,0.0,0.0,0.0,70.0,4452800
2016-12-26,70.0,69.99999991654217,70.00000009497192,70.0,70.0,0.0,0.0,0.0,0.0,0.0,0.0,0.0,0.0,0.0,0.0,0.0,0.0,70.0,4452800
2016-12-27,70.0,69.99999991046228,70.00000008725459,70.0,70.0,0.0,0.0,0.0,0.0,0.0,0.0,0.0,0.0,0.0,0.0,0.0,0.0,70.0,4452800
2016-12-28,70.0,69.99999990737363,70.00000008908087,70.0,70.0,0.0,0.0,0.0,0.0,0.0,0.0,0.0,0.0,0.0,0.0,0.0,0.0,70.0,4452800
2016-12-29,70.0,69.99999990808678,70.0000000851715,70.0,70.0,0.0,0.0,0.0,0.0,0.0,0.0,0.0,0.0,0.0,0.0,0.0,0.0,70.0,4452800
2016-12-30,70.0,69.99999990253873,70.00000009288512,70.0,70.0,0.0,0.0,0.0,0.0,0.0,0.0,0.0,0.0,0.0,0.0,0.0,0.0,70.0,4452800
2016-12-31,70.0,69.99999991173871,70.00000008495616,70.0,70.0,0.0,0.0,0.0,0.0,0.0,0.0,0.0,0.0,0.0,0.0,0.0,0.0,70.0,4452800
2017-01-01,70.0,69.99999991423171,70.00000008832684,70.0,70.0,0.0,0.0,0.0,0.0,0.0,0.0,0.0,0.0,0.0,0.0,0.0,0.0,70.0,4452800
2017-01-02,70.0,69.99999990545028,70.00000008981208,70.0,70.0,0.0,0.0,0.0,0.0,0.0,0.0,0.0,0.0,0.0,0.0,0.0,0.0,70.0,4452800
2017-01-03,70.0,69.99999991317388,70.00000008764938,70.0,70.0,0.0,0.0,0.0,0.0,0.0,0.0,0.0,0.0,0.0,0.0,0.0,0.0,70.0,4452800
2017-01-04,70.0,69.99999991003688,70.00000009262972,70.0,70.0,0.0,0.0,0.0,0.0,0.0,0.0,0.0,0.0,0.0,0.0,0.0,0.0,70.0,4452800
2017-01-05,70.0,69.99999991141681,70.00000009156747,70.0,70.0,0.0,0.0,0.0,0.0,0.0,0.0,0.0,0.0,0.0,0.0,0.0,0.0,70.0,4452800
2017-01-06,70.0,69.99999990919721,70.00000008053244,70.0,70.0,0.0,0.0,0.0,0.0,0.0,0.0,0.0,0.0,0.0,0.0,0.0,0.0,70.0,4452800
2017-01-07,70.0,69.99999991365263,70.00000007952097,70.0,70.0,0.0,0.0,0.0,0.0,0.0,0.0,0.0,0.0,0.0,0.0,0.0,0.0,70.0,4452800
2017-01-08,70.0,69.9999999053752,70.00000009144911,70.0,70.0,0.0,0.0,0.0,0.0,0.0,0.0,0.0,0.0,0.0,0.0,0.0,0.0,70.0,4452800
2017-01-09,70.0,69.99999991177484,70.0000000856319,70.0,70.0,0.0,0.0,0.0,0.0,0.0,0.0,0.0,0.0,0.0,0.0,0.0,0.0,70.0,4452800
2017-01-10,70.0,69.99999991480674,70.00000009697557,70.0,70.0,0.0,0.0,0.0,0.0,0.0,0.0,0.0,0.0,0.0,0.0,0.0,0.0,70.0,4452800
2017-01-11,70.0,69.99999990682035,70.00000009120768,70.0,70.0,0.0,0.0,0.0,0.0,0.0,0.0,0.0,0.0,0.0,0.0,0.0,0.0,70.0,4452800
2017-01-12,70.0,69.99999991039732,70.00000008350581,70.0,70.0,0.0,0.0,0.0,0.0,0.0,0.0,0.0,0.0,0.0,0.0,0.0,0.0,70.0,4452800
2017-01-13,70.0,69.99999991720176,70.00000008576873,70.0,70.0,0.0,0.0,0.0,0.0,0.0,0.0,0.0,0.0,0.0,0.0,0.0,0.0,70.0,4452800
2017-01-14,70.0,69.99999990415604,70.00000009132437,70.0,70.0,0.0,0.0,0.0,0.0,0.0,0.0,0.0,0.0,0.0,0.0,0.0,0.0,70.0,4452800
2017-01-15,70.0,69.99999991279009,70.00000008937623,70.0,70.0,0.0,0.0,0.0,0.0,0.0,0.0,0.0,0.0,0.0,0.0,0.0,0.0,70.0,4452800
2017-01-16,70.0,69.99999991440421,70.00000009254815,70.0,70.0,0.0,0.0,0.0,0.0,0.0,0.0,0.0,0.0,0.0,0.0,0.0,0.0,70.0,4452800
2017-01-17,70.0,69.99999991469065,70.00000008901624,70.0,70.0,0.0,0.0,0.0,0.0,0.0,0.0,0.0,0.0,0.0,0.0,0.0,0.0,70.0,4452800
2017-01-18,70.0,69.99999990674736,70.00000008980481,70.0,70.0,0.0,0.0,0.0,0.0,0.0,0.0,0.0,0.0,0.0,0.0,0.0,0.0,70.0,4452800
2017-01-19,70.0,69.99999990932895,70.00000009011717,70.0,70.0,0.0,0.0,0.0,0.0,0.0,0.0,0.0,0.0,0.0,0.0,0.0,0.0,70.0,4452800
2017-01-20,70.0,69.99999990884073,70.00000008991711,70.0,70.0,0.0,0.0,0.0,0.0,0.0,0.0,0.0,0.0,0.0,0.0,0.0,0.0,70.0,4452800
2017-01-21,70.0,69.99999991354348,70.00000008687852,70.0,70.0,0.0,0.0,0.0,0.0,0.0,0.0,0.0,0.0,0.0,0.0,0.0,0.0,70.0,4452800
2017-01-22,70.0,69.99999990191665,70.0000000824692,70.0,70.0,0.0,0.0,0.0,0.0,0.0,0.0,0.0,0.0,0.0,0.0,0.0,0.0,70.0,4452800
2017-01-23,70.0,69.99999991167395,70.00000009323037,70.0,70.0,0.0,0.0,0.0,0.0,0.0,0.0,0.0,0.0,0.0,0.0,0.0,0.0,70.0,4452800
2017-01-24,70.0,69.99999990563826,70.00000009359556,70.0,70.0,0.0,0.0,0.0,0.0,0.0,0.0,0.0,0.0,0.0,0.0,0.0,0.0,70.0,4452800
2017-01-25,70.0,69.99999990708515,70.00000008663757,70.0,70.0,0.0,0.0,0.0,0.0,0.0,0.0,0.0,0.0,0.0,0.0,0.0,0.0,70.0,4452800
2017-01-26,70.0,69.99999990678283,70.00000008853928,70.0,70.0,0.0,0.0,0.0,0.0,0.0,0.0,0.0,0.0,0.0,0.0,0.0,0.0,70.0,4452800
2017-01-27,70.0,69.99999991693085,70.0000000843658,70.0,70.0,0.0,0.0,0.0,0.0,0.0,0.0,0.0,0.0,0.0,0.0,0.0,0.0,70.0,4452800
2017-01-28,70.0,69.999999908553,70.0000000952233,70.0,70.0,0.0,0.0,0.0,0.0,0.0,0.0,0.0,0.0,0.0,0.0,0.0,0.0,70.0,4452800
2017-01-29,70.0,69.99999991426019,70.0000000904774,70.0,70.0,0.0,0.0,0.0,0.0,0.0,0.0,0.0,0.0,0.0,0.0,0.0,0.0,70.0,4452800
2017-01-30,70.0,69.99999991201898,70.00000009407132,70.0,70.0,0.0,0.0,0.0,0.0,0.0,0.0,0.0,0.0,0.0,0.0,0.0,0.0,70.0,4452800
2017-01-31,70.0,69.99999990828074,70.00000008795156,70.0,70.0,0.0,0.0,0.0,0.0,0.0,0.0,0.0,0.0,0.0,0.0,0.0,0.0,70.0,4452800
2017-02-01,70.0,69.99999991100061,70.00000008806924,70.0,70.0,0.0,0.0,0.0,0.0,0.0,0.0,0.0,0.0,0.0,0.0,0.0,0.0,70.0,4452800
2017-02-02,70.0,69.99999991519918,70.00000008642618,70.0,70.0,0.0,0.0,0.0,0.0,0.0,0.0,0.0,0.0,0.0,0.0,0.0,0.0,70.0,4452800
2017-02-03,70.0,69.99999990877619,70.00000009808788,70.0,70.0,0.0,0.0,0.0,0.0,0.0,0.0,0.0,0.0,0.0,0.0,0.0,0.0,70.0,4452800
2017-02-04,70.0,69.99999990633334,70.00000009521916,70.0,70.0,0.0,0.0,0.0,0.0,0.0,0.0,0.0,0.0,0.0,0.0,0.0,0.0,70.0,4452800
2017-02-05,70.0,69.99999990984132,70.00000008918272,70.0,70.0,0.0,0.0,0.0,0.0,0.0,0.0,0.0,0.0,0.0,0.0,0.0,0.0,70.0,4452800
2017-02-06,70.0,69.99999991148738,70.00000009014698,70.0,70.0,0.0,0.0,0.0,0.0,0.0,0.0,0.0,0.0,0.0,0.0,0.0,0.0,70.0,4452800
2017-02-07,70.0,69.99999990593707,70.00000009484272,70.0,70.0,0.0,0.0,0.0,0.0,0.0,0.0,0.0,0.0,0.0,0.0,0.0,0.0,70.0,4452800
2017-02-08,70.0,69.99999991267052,70.00000008682717,70.0,70.0,0.0,0.0,0.0,0.0,0.0,0.0,0.0,0.0,0.0,0.0,0.0,0.0,70.0,4452800
2017-02-09,70.0,69.99999990738493,70.0000000902528,70.0,70.0,0.0,0.0,0.0,0.0,0.0,0.0,0.0,0.0,0.0,0.0,0.0,0.0,70.0,4452800
2017-02-10,70.0,69.99999991030809,70.00000009597483,70.0,70.0,0.0,0.0,0.0,0.0,0.0,0.0,0.0,0.0,0.0,0.0,0.0,0.0,70.0,4452800
2017-02-11,70.0,69.9999999095784,70.00000009165224,70.0,70.0,0.0,0.0,0.0,0.0,0.0,0.0,0.0,0.0,0.0,0.0,0.0,0.0,70.0,4452800
2017-02-12,70.0,69.99999991225674,70.00000008575282,70.0,70.0,0.0,0.0,0.0,0.0,0.0,0.0,0.0,0.0,0.0,0.0,0.0,0.0,70.0,4452800
2017-02-13,70.0,69.99999990917128,70.00000009063473,70.0,70.0,0.0,0.0,0.0,0.0,0.0,0.0,0.0,0.0,0.0,0.0,0.0,0.0,70.0,4452800
2017-02-14,70.0,69.99999990873724,70.0000000930001,70.0,70.0,0.0,0.0,0.0,0.0,0.0,0.0,0.0,0.0,0.0,0.0,0.0,0.0,70.0,4452800
2017-02-15,70.0,69.99999990760976,70.00000008773067,70.0,70.0,0.0,0.0,0.0,0.0,0.0,0.0,0.0,0.0,0.0,0.0,0.0,0.0,70.0,4452800
2017-02-16,70.0,69.99999990916876,70.00000008671468,70.0,70.0,0.0,0.0,0.0,0.0,0.0,0.0,0.0,0.0,0.0,0.0,0.0,0.0,70.0,4452800
2017-02-17,70.0,69.9999999088852,70.00000008879678,70.0,70.0,0.0,0.0,0.0,0.0,0.0,0.0,0.0,0.0,0.0,0.0,0.0,0.0,70.0,4452800
2017-02-18,70.0,69.99999991336723,70.0000000853666,70.0,70.0,0.0,0.0,0.0,0.0,0.0,0.0,0.0,0.0,0.0,0.0,0.0,0.0,70.0,4452800
2017-02-19,70.0,69.99999990825364,70.00000009086452,70.0,70.0,0.0,0.0,0.0,0.0,0.0,0.0,0.0,0.0,0.0,0.0,0.0,0.0,70.0,4452800
2017-02-20,70.0,69.99999990916265,70.00000009379724,70.0,70.0,0.0,0.0,0.0,0.0,0.0,0.0,0.0,0.0,0.0,0.0,0.0,0.0,70.0,4452800
2017-02-21,70.0,69.99999990645318,70.00000008988088,70.0,70.0,0.0,0.0,0.0,0.0,0.0,0.0,0.0,0.0,0.0,0.0,0.0,0.0,70.0,4452800
2017-02-22,70.0,69.99999991020623,70.00000008093913,70.0,70.0,0.0,0.0,0.0,0.0,0.0,0.0,0.0,0.0,0.0,0.0,0.0,0.0,70.0,4452800
2017-02-23,70.0,69.99999991426802,70.00000009371952,70.0,70.0,0.0,0.0,0.0,0.0,0.0,0.0,0.0,0.0,0.0,0.0,0.0,0.0,70.0,4452800
2017-02-24,70.0,69.99999990899862,70.00000009015645,70.0,70.0,0.0,0.0,0.0,0.0,0.0,0.0,0.0,0.0,0.0,0.0,0.0,0.0,70.0,4452800
2017-02-25,70.0,69.99999991009388,70.0000000954307,70.0,70.0,0.0,0.0,0.0,0.0,0.0,0.0,0.0,0.0,0.0,0.0,0.0,0.0,70.0,4452800
2017-02-26,70.0,69.99999991110695,70.00000008684017,70.0,70.0,0.0,0.0,0.0,0.0,0.0,0.0,0.0,0.0,0.0,0.0,0.0,0.0,70.0,4452800
2017-02-27,70.0,69.99999990685275,70.00000008716498,70.0,70.0,0.0,0.0,0.0,0.0,0.0,0.0,0.0,0.0,0.0,0.0,0.0,0.0,70.0,4452800
2017-02-28,70.0,69.99999990773496,70.00000009147094,70.0,70.0,0.0,0.0,0.0,0.0,0.0,0.0,0.0,0.0,0.0,0.0,0.0,0.0,70.0,4452800
2017-03-01,70.0,69.9999999065636,70.00000008828913,70.0,70.0,0.0,0.0,0.0,0.0,0.0,0.0,0.0,0.0,0.0,0.0,0.0,0.0,70.0,4452800
2017-03-02,70.0,69.99999991866125,70.00000009000638,70.0,70.0,0.0,0.0,0.0,0.0,0.0,0.0,0.0,0.0,0.0,0.0,0.0,0.0,70.0,4452800
2017-03-03,70.0,69.99999991221522,70.0000000904455,70.0,70.0,0.0,0.0,0.0,0.0,0.0,0.0,0.0,0.0,0.0,0.0,0.0,0.0,70.0,4452800
2017-03-04,70.0,69.99999991636759,70.00000009019371,70.0,70.0,0.0,0.0,0.0,0.0,0.0,0.0,0.0,0.0,0.0,0.0,0.0,0.0,70.0,4452800
2017-03-05,70.0,69.9999999132589,70.00000008713194,70.0,70.0,0.0,0.0,0.0,0.0,0.0,0.0,0.0,0.0,0.0,0.0,0.0,0.0,70.0,4452800
2017-03-06,70.0,69.99999990866156,70.00000008997903,70.0,70.0,0.0,0.0,0.0,0.0,0.0,0.0,0.0,0.0,0.0,0.0,0.0,0.0,70.0,4452800
2017-03-07,70.0,69.99999991002385,70.0000000871161,70.0,70.0,0.0,0.0,0.0,0.0,0.0,0.0,0.0,0.0,0.0,0.0,0.0,0.0,70.0,4452800
2017-03-08,70.0,69.99999990664023,70.00000009101089,70.0,70.0,0.0,0.0,0.0,0.0,0.0,0.0,0.0,0.0,0.0,0.0,0.0,0.0,70.0,4452800
2017-03-09,70.0,69.99999991518628,70.0000000883835,70.0,70.0,0.0,0.0,0.0,0.0,0.0,0.0,0.0,0.0,0.0,0.0,0.0,0.0,70.0,4452800
2017-03-10,70.0,69.99999991807694,70.00000008985525,70.0,70.0,0.0,0.0,0.0,0.0,0.0,0.0,0.0,0.0,0.0,0.0,0.0,0.0,70.0,4452800
2017-03-11,70.0,69.99999991606168,70.00000008749039,70.0,70.0,0.0,0.0,0.0,0.0,0.0,0.0,0.0,0.0,0.0,0.0,0.0,0.0,70.0,4452800
2017-03-12,70.0,69.99999991214591,70.00000009274505,70.0,70.0,0.0,0.0,0.0,0.0,0.0,0.0,0.0,0.0,0.0,0.0,0.0,0.0,70.0,4452800
2017-03-13,70.0,69.99999991370824,70.0000000860984,70.0,70.0,0.0,0.0,0.0,0.0,0.0,0.0,0.0,0.0,0.0,0.0,0.0,0.0,70.0,4452800
2017-03-14,70.0,69.99999991051581,70.00000008905067,70.0,70.0,0.0,0.0,0.0,0.0,0.0,0.0,0.0,0.0,0.0,0.0,0.0,0.0,70.0,4452800
2017-03-15,70.0,69.99999991272755,70.00000008958568,70.0,70.0,0.0,0.0,0.0,0.0,0.0,0.0,0.0,0.0,0.0,0.0,0.0,0.0,70.0,4452800
2017-03-16,70.0,69.9999999129085,70.00000008908815,70.0,70.0,0.0,0.0,0.0,0.0,0.0,0.0,0.0,0.0,0.0,0.0,0.0,0.0,70.0,4452800
2017-03-17,70.0,69.99999991215978,70.00000009012092,70.0,70.0,0.0,0.0,0.0,0.0,0.0,0.0,0.0,0.0,0.0,0.0,0.0,0.0,70.0,4452800
2017-03-18,70.0,69.99999991603563,70.00000008656835,70.0,70.0,0.0,0.0,0.0,0.0,0.0,0.0,0.0,0.0,0.0,0.0,0.0,0.0,70.0,4452800
2017-03-19,70.0,69.9999999123859,70.00000009085723,70.0,70.0,0.0,0.0,0.0,0.0,0.0,0.0,0.0,0.0,0.0,0.0,0.0,0.0,70.0,4452800
2017-03-20,70.0,69.99999991567738,70.00000009066456,70.0,70.0,0.0,0.0,0.0,0.0,0.0,0.0,0.0,0.0,0.0,0.0,0.0,0.0,70.0,4452800
2017-03-21,70.0,69.99999991443705,70.00000008751832,70.0,70.0,0.0,0.0,0.0,0.0,0.0,0.0,0.0,0.0,0.0,0.0,0.0,0.0,70.0,4452800
2017-03-22,70.0,69.99999991199448,70.00000009513566,70.0,70.0,0.0,0.0,0.0,0.0,0.0,0.0,0.0,0.0,0.0,0.0,0.0,0.0,70.0,4452800
2017-03-23,70.0,69.99999990756206,70.00000008700891,70.0,70.0,0.0,0.0,0.0,0.0,0.0,0.0,0.0,0.0,0.0,0.0,0.0,0.0,70.0,4452800
2017-03-24,70.0,69.99999991809968,70.00000008932211,70.0,70.0,0.0,0.0,0.0,0.0,0.0,0.0,0.0,0.0,0.0,0.0,0.0,0.0,70.0,4452800
2017-03-25,70.0,69.99999990774067,70.00000008872232,70.0,70.0,0.0,0.0,0.0,0.0,0.0,0.0,0.0,0.0,0.0,0.0,0.0,0.0,70.0,4452800
2017-03-26,70.0,69.99999991238458,70.00000009239956,70.0,70.0,0.0,0.0,0.0,0.0,0.0,0.0,0.0,0.0,0.0,0.0,0.0,0.0,70.0,4452800
2017-03-27,70.0,69.99999991358006,70.00000008792364,70.0,70.0,0.0,0.0,0.0,0.0,0.0,0.0,0.0,0.0,0.0,0.0,0.0,0.0,70.0,4452800
2017-03-28,70.0,69.99999990793454,70.00000009106691,70.0,70.0,0.0,0.0,0.0,0.0,0.0,0.0,0.0,0.0,0.0,0.0,0.0,0.0,70.0,4452800
2017-03-29,70.0,69.99999991231918,70.00000009520608,70.0,70.0,0.0,0.0,0.0,0.0,0.0,0.0,0.0,0.0,0.0,0.0,0.0,0.0,70.0,4452800
2017-03-30,70.0,69.9999999035267,70.00000009498345,70.0,70.0,0.0,0.0,0.0,0.0,0.0,0.0,0.0,0.0,0.0,0.0,0.0,0.0,70.0,4452800
2017-03-31,70.0,69.99999990457488,70.00000008923718,70.0,70.0,0.0,0.0,0.0,0.0,0.0,0.0,0.0,0.0,0.0,0.0,0.0,0.0,70.0,4452800
2017-04-01,70.0,69.99999990724368,70.00000008776834,70.0,70.0,0.0,0.0,0.0,0.0,0.0,0.0,0.0,0.0,0.0,0.0,0.0,0.0,70.0,4452800
2017-04-02,70.0,69.99999991525833,70.00000008984058,70.0,70.0,0.0,0.0,0.0,0.0,0.0,0.0,0.0,0.0,0.0,0.0,0.0,0.0,70.0,4452800
2017-04-03,70.0,69.99999990220843,70.00000008970012,70.0,70.0,0.0,0.0,0.0,0.0,0.0,0.0,0.0,0.0,0.0,0.0,0.0,0.0,70.0,4452800
2017-04-04,70.0,69.99999989883773,70.0000000845664,70.0,70.0,0.0,0.0,0.0,0.0,0.0,0.0,0.0,0.0,0.0,0.0,0.0,0.0,70.0,4452800
2017-04-05,70.0,69.99999990619096,70.00000009245595,70.0,70.0,0.0,0.0,0.0,0.0,0.0,0.0,0.0,0.0,0.0,0.0,0.0,0.0,70.0,4452800
2017-04-06,70.0,69.99999991364182,70.00000008744941,70.0,70.0,0.0,0.0,0.0,0.0,0.0,0.0,0.0,0.0,0.0,0.0,0.0,0.0,70.0,4452800
2017-04-07,70.0,69.99999991202537,70.00000008770856,70.0,70.0,0.0,0.0,0.0,0.0,0.0,0.0,0.0,0.0,0.0,0.0,0.0,0.0,70.0,4452800
2017-04-08,70.0,69.99999990691437,70.00000009315913,70.0,70.0,0.0,0.0,0.0,0.0,0.0,0.0,0.0,0.0,0.0,0.0,0.0,0.0,70.0,4452800
2017-04-09,70.0,69.99999990772386,70.00000008848001,70.0,70.0,0.0,0.0,0.0,0.0,0.0,0.0,0.0,0.0,0.0,0.0,0.0,0.0,70.0,4452800
2017-04-10,70.0,69.99999990996179,70.00000009110198,70.0,70.0,0.0,0.0,0.0,0.0,0.0,0.0,0.0,0.0,0.0,0.0,0.0,0.0,70.0,4452800
2017-04-11,70.0,69.99999990974882,70.00000009093013,70.0,70.0,0.0,0.0,0.0,0.0,0.0,0.0,0.0,0.0,0.0,0.0,0.0,0.0,70.0,4452800
2017-04-12,70.0,69.99999990701592,70.00000008873364,70.0,70.0,0.0,0.0,0.0,0.0,0.0,0.0,0.0,0.0,0.0,0.0,0.0,0.0,70.0,4452800
2017-04-13,70.0,69.9999999109302,70.00000009289008,70.0,70.0,0.0,0.0,0.0,0.0,0.0,0.0,0.0,0.0,0.0,0.0,0.0,0.0,70.0,4452800
2017-04-14,70.0,69.99999991158639,70.00000008741372,70.0,70.0,0.0,0.0,0.0,0.0,0.0,0.0,0.0,0.0,0.0,0.0,0.0,0.0,70.0,4452800
2017-04-15,70.0,69.99999991536134,70.00000009368739,70.0,70.0,0.0,0.0,0.0,0.0,0.0,0.0,0.0,0.0,0.0,0.0,0.0,0.0,70.0,4452800
2017-04-16,70.0,69.9999999104811,70.00000009052108,70.0,70.0,0.0,0.0,0.0,0.0,0.0,0.0,0.0,0.0,0.0,0.0,0.0,0.0,70.0,4452800
2017-04-17,70.0,69.99999990987827,70.00000008953846,70.0,70.0,0.0,0.0,0.0,0.0,0.0,0.0,0.0,0.0,0.0,0.0,0.0,0.0,70.0,4452800
2017-04-18,70.0,69.99999990974072,70.00000008732128,70.0,70.0,0.0,0.0,0.0,0.0,0.0,0.0,0.0,0.0,0.0,0.0,0.0,0.0,70.0,4452800
2017-04-19,70.0,69.99999990915383,70.00000009766018,70.0,70.0,0.0,0.0,0.0,0.0,0.0,0.0,0.0,0.0,0.0,0.0,0.0,0.0,70.0,4452800
2017-04-20,70.0,69.99999990655402,70.00000008800586,70.0,70.0,0.0,0.0,0.0,0.0,0.0,0.0,0.0,0.0,0.0,0.0,0.0,0.0,70.0,4452800
2017-04-21,70.0,69.99999991316844,70.00000008811435,70.0,70.0,0.0,0.0,0.0,0.0,0.0,0.0,0.0,0.0,0.0,0.0,0.0,0.0,70.0,4452800
2017-04-22,70.0,69.99999991189334,70.00000008895118,70.0,70.0,0.0,0.0,0.0,0.0,0.0,0.0,0.0,0.0,0.0,0.0,0.0,0.0,70.0,4452800
2017-04-23,70.0,69.99999990637897,70.00000008422286,70.0,70.0,0.0,0.0,0.0,0.0,0.0,0.0,0.0,0.0,0.0,0.0,0.0,0.0,70.0,4452800
2017-04-24,70.0,69.9999999111658,70.00000009214602,70.0,70.0,0.0,0.0,0.0,0.0,0.0,0.0,0.0,0.0,0.0,0.0,0.0,0.0,70.0,4452800
2017-04-25,70.0,69.99999990812418,70.00000008042403,70.0,70.0,0.0,0.0,0.0,0.0,0.0,0.0,0.0,0.0,0.0,0.0,0.0,0.0,70.0,4452800
2017-04-26,70.0,69.99999991481265,70.00000008735712,70.0,70.0,0.0,0.0,0.0,0.0,0.0,0.0,0.0,0.0,0.0,0.0,0.0,0.0,70.0,4452800
2017-04-27,70.0,69.9999999105108,70.0000000890752,70.0,70.0,0.0,0.0,0.0,0.0,0.0,0.0,0.0,0.0,0.0,0.0,0.0,0.0,70.0,4452800
2017-04-28,70.0,69.99999990688177,70.00000008662371,70.0,70.0,0.0,0.0,0.0,0.0,0.0,0.0,0.0,0.0,0.0,0.0,0.0,0.0,70.0,4452800
2017-04-29,70.0,69.99999990748681,70.00000008926303,70.0,70.0,0.0,0.0,0.0,0.0,0.0,0.0,0.0,0.0,0.0,0.0,0.0,0.0,70.0,4452800
2017-04-30,70.0,69.99999991332946,70.00000009097757,70.0,70.0,0.0,0.0,0.0,0.0,0.0,0.0,0.0,0.0,0.0,0.0,0.0,0.0,70.0,4452800
2017-05-01,70.0,69.99999991406472,70.00000008754259,70.0,70.0,0.0,0.0,0.0,0.0,0.0,0.0,0.0,0.0,0.0,0.0,0.0,0.0,70.0,4452800
2017-05-02,70.0,69.99999991290342,70.00000009257738,70.0,70.0,0.0,0.0,0.0,0.0,0.0,0.0,0.0,0.0,0.0,0.0,0.0,0.0,70.0,4452800
2017-05-03,70.0,69.99999990561024,70.00000008713526,70.0,70.0,0.0,0.0,0.0,0.0,0.0,0.0,0.0,0.0,0.0,0.0,0.0,0.0,70.0,4452800
2017-05-04,70.0,69.99999989998027,70.00000008856696,70.0,70.0,0.0,0.0,0.0,0.0,0.0,0.0,0.0,0.0,0.0,0.0,0.0,0.0,70.0,4452800
2017-05-05,70.0,69.9999999188434,70.00000009451685,70.0,70.0,0.0,0.0,0.0,0.0,0.0,0.0,0.0,0.0,0.0,0.0,0.0,0.0,70.0,4452800
2017-05-06,70.0,69.99999990330942,70.00000008594282,70.0,70.0,0.0,0.0,0.0,0.0,0.0,0.0,0.0,0.0,0.0,0.0,0.0,0.0,70.0,4452800
2017-05-07,70.0,69.99999991458547,70.00000008957423,70.0,70.0,0.0,0.0,0.0,0.0,0.0,0.0,0.0,0.0,0.0,0.0,0.0,0.0,70.0,4452800
2017-05-08,70.0,69.99999990610092,70.00000008645294,70.0,70.0,0.0,0.0,0.0,0.0,0.0,0.0,0.0,0.0,0.0,0.0,0.0,0.0,70.0,4452800
2017-05-09,70.0,69.9999999084113,70.00000009052904,70.0,70.0,0.0,0.0,0.0,0.0,0.0,0.0,0.0,0.0,0.0,0.0,0.0,0.0,70.0,4452800
2017-05-10,70.0,69.99999990855396,70.00000008848653,70.0,70.0,0.0,0.0,0.0,0.0,0.0,0.0,0.0,0.0,0.0,0.0,0.0,0.0,70.0,4452800
2017-05-11,70.0,69.9999999107367,70.0000000914847,70.0,70.0,0.0,0.0,0.0,0.0,0.0,0.0,0.0,0.0,0.0,0.0,0.0,0.0,70.0,4452800
2017-05-12,70.0,69.99999991002159,70.0000000889039,70.0,70.0,0.0,0.0,0.0,0.0,0.0,0.0,0.0,0.0,0.0,0.0,0.0,0.0,70.0,4452800
2017-05-13,70.0,69.99999991247587,70.00000008531624,70.0,70.0,0.0,0.0,0.0,0.0,0.0,0.0,0.0,0.0,0.0,0.0,0.0,0.0,70.0,4452800
2017-05-14,70.0,69.99999991125958,70.00000008993945,70.0,70.0,0.0,0.0,0.0,0.0,0.0,0.0,0.0,0.0,0.0,0.0,0.0,0.0,70.0,4452800
2017-05-15,70.0,69.99999991039401,70.00000008920287,70.0,70.0,0.0,0.0,0.0,0.0,0.0,0.0,0.0,0.0,0.0,0.0,0.0,0.0,70.0,4452800
2017-05-16,70.0,69.99999991023175,70.00000008891857,70.0,70.0,0.0,0.0,0.0,0.0,0.0,0.0,0.0,0.0,0.0,0.0,0.0,0.0,70.0,4452800
2017-05-17,70.0,69.99999992427023,70.00000008946206,70.0,70.0,0.0,0.0,0.0,0.0,0.0,0.0,0.0,0.0,0.0,0.0,0.0,0.0,70.0,4452800
2017-05-18,70.0,69.99999991242967,70.00000009341736,70.0,70.0,0.0,0.0,0.0,0.0,0.0,0.0,0.0,0.0,0.0,0.0,0.0,0.0,70.0,4452800
2017-05-19,70.0,69.99999991515824,70.00000009657522,70.0,70.0,0.0,0.0,0.0,0.0,0.0,0.0,0.0,0.0,0.0,0.0,0.0,0.0,70.0,4452800
2017-05-20,70.0,69.99999991108383,70.0000000924176,70.0,70.0,0.0,0.0,0.0,0.0,0.0,0.0,0.0,0.0,0.0,0.0,0.0,0.0,70.0,4452800
2017-05-21,70.0,69.99999990849618,70.00000008792308,70.0,70.0,0.0,0.0,0.0,0.0,0.0,0.0,0.0,0.0,0.0,0.0,0.0,0.0,70.0,4452800
2017-05-22,70.0,69.99999991479824,70.00000009642578,70.0,70.0,0.0,0.0,0.0,0.0,0.0,0.0,0.0,0.0,0.0,0.0,0.0,0.0,70.0,4452800
2017-05-23,70.0,69.99999991085895,70.0000000913397,70.0,70.0,0.0,0.0,0.0,0.0,0.0,0.0,0.0,0.0,0.0,0.0,0.0,0.0,70.0,4452800
2017-05-24,70.0,69.99999991192298,70.00000008757408,70.0,70.0,0.0,0.0,0.0,0.0,0.0,0.0,0.0,0.0,0.0,0.0,0.0,0.0,70.0,4452800
2017-05-25,70.0,69.99999991398293,70.00000009201196,70.0,70.0,0.0,0.0,0.0,0.0,0.0,0.0,0.0,0.0,0.0,0.0,0.0,0.0,70.0,4452800
2017-05-26,70.0,69.99999990504178,70.00000008802188,70.0,70.0,0.0,0.0,0.0,0.0,0.0,0.0,0.0,0.0,0.0,0.0,0.0,0.0,70.0,4452800
2017-05-27,70.0,69.99999990789391,70.00000010015385,70.0,70.0,0.0,0.0,0.0,0.0,0.0,0.0,0.0,0.0,0.0,0.0,0.0,0.0,70.0,4452800
2017-05-28,70.0,69.99999991035537,70.00000008721176,70.0,70.0,0.0,0.0,0.0,0.0,0.0,0.0,0.0,0.0,0.0,0.0,0.0,0.0,70.0,4452800
2017-05-29,70.0,69.99999991587971,70.00000008972255,70.0,70.0,0.0,0.0,0.0,0.0,0.0,0.0,0.0,0.0,0.0,0.0,0.0,0.0,70.0,4452800
2017-05-30,70.0,69.99999990824112,70.00000009149763,70.0,70.0,0.0,0.0,0.0,0.0,0.0,0.0,0.0,0.0,0.0,0.0,0.0,0.0,70.0,4452800
2017-05-31,70.0,69.99999991418484,70.00000009597686,70.0,70.0,0.0,0.0,0.0,0.0,0.0,0.0,0.0,0.0,0.0,0.0,0.0,0.0,70.0,4452800
2017-06-01,70.0,69.9999999099157,70.00000008578536,70.0,70.0,0.0,0.0,0.0,0.0,0.0,0.0,0.0,0.0,0.0,0.0,0.0,0.0,70.0,4452800
2017-06-02,70.0,69.99999990808415,70.00000009288634,70.0,70.0,0.0,0.0,0.0,0.0,0.0,0.0,0.0,0.0,0.0,0.0,0.0,0.0,70.0,4452800
2017-06-03,70.0,69.99999990060569,70.00000008844077,70.0,70.0,0.0,0.0,0.0,0.0,0.0,0.0,0.0,0.0,0.0,0.0,0.0,0.0,70.0,4452800
2017-06-04,70.0,69.99999990954234,70.00000008039332,70.0,70.0,0.0,0.0,0.0,0.0,0.0,0.0,0.0,0.0,0.0,0.0,0.0,0.0,70.0,4452800
2017-06-05,70.0,69.99999990657061,70.00000008742705,70.0,70.0,0.0,0.0,0.0,0.0,0.0,0.0,0.0,0.0,0.0,0.0,0.0,0.0,70.0,4452800
2017-06-06,70.0,69.99999990859872,70.00000008605522,70.0,70.0,0.0,0.0,0.0,0.0,0.0,0.0,0.0,0.0,0.0,0.0,0.0,0.0,70.0,4452800
2017-06-07,70.0,69.9999999042156,70.00000008652817,70.0,70.0,0.0,0.0,0.0,0.0,0.0,0.0,0.0,0.0,0.0,0.0,0.0,0.0,70.0,4452800
2017-06-08,70.0,69.99999991705295,70.00000009657657,70.0,70.0,0.0,0.0,0.0,0.0,0.0,0.0,0.0,0.0,0.0,0.0,0.0,0.0,70.0,4452800
2017-06-09,70.0,69.99999990818804,70.00000008420976,70.0,70.0,0.0,0.0,0.0,0.0,0.0,0.0,0.0,0.0,0.0,0.0,0.0,0.0,70.0,4452800
2017-06-10,70.0,69.99999990476877,70.00000009355986,70.0,70.0,0.0,0.0,0.0,0.0,0.0,0.0,0.0,0.0,0.0,0.0,0.0,0.0,70.0,4452800
2017-06-11,70.0,69.99999990759765,70.00000008504098,70.0,70.0,0.0,0.0,0.0,0.0,0.0,0.0,0.0,0.0,0.0,0.0,0.0,0.0,70.0,4452800
2017-06-12,70.0,69.99999991378868,70.00000009211806,70.0,70.0,0.0,0.0,0.0,0.0,0.0,0.0,0.0,0.0,0.0,0.0,0.0,0.0,70.0,4452800
2017-06-13,70.0,69.99999991340161,70.0000000873036,70.0,70.0,0.0,0.0,0.0,0.0,0.0,0.0,0.0,0.0,0.0,0.0,0.0,0.0,70.0,4452800
2017-06-14,70.0,69.99999991109888,70.00000008687142,70.0,70.0,0.0,0.0,0.0,0.0,0.0,0.0,0.0,0.0,0.0,0.0,0.0,0.0,70.0,4452800
2017-06-15,70.0,69.9999999017304,70.00000008924077,70.0,70.0,0.0,0.0,0.0,0.0,0.0,0.0,0.0,0.0,0.0,0.0,0.0,0.0,70.0,4452800
2017-06-16,70.0,69.99999990958193,70.00000009485335,70.0,70.0,0.0,0.0,0.0,0.0,0.0,0.0,0.0,0.0,0.0,0.0,0.0,0.0,70.0,4452800
2017-06-17,70.0,69.99999991476308,70.00000009619396,70.0,70.0,0.0,0.0,0.0,0.0,0.0,0.0,0.0,0.0,0.0,0.0,0.0,0.0,70.0,4452800
2017-06-18,70.0,69.9999999030015,70.00000009279171,70.0,70.0,0.0,0.0,0.0,0.0,0.0,0.0,0.0,0.0,0.0,0.0,0.0,0.0,70.0,4452800
2017-06-19,70.0,69.99999990628027,70.000000092349,70.0,70.0,0.0,0.0,0.0,0.0,0.0,0.0,0.0,0.0,0.0,0.0,0.0,0.0,70.0,4452800
2017-06-20,70.0,69.99999990542068,70.00000009066453,70.0,70.0,0.0,0.0,0.0,0.0,0.0,0.0,0.0,0.0,0.0,0.0,0.0,0.0,70.0,4452800
2017-06-21,70.0,69.99999991650986,70.00000010199997,70.0,70.0,0.0,0.0,0.0,0.0,0.0,0.0,0.0,0.0,0.0,0.0,0.0,0.0,70.0,4452800
2017-06-22,70.0,69.9999999130716,70.00000009825926,70.0,70.0,0.0,0.0,0.0,0.0,0.0,0.0,0.0,0.0,0.0,0.0,0.0,0.0,70.0,4452800
2017-06-23,70.0,69.99999991979816,70.00000009448003,70.0,70.0,0.0,0.0,0.0,0.0,0.0,0.0,0.0,0.0,0.0,0.0,0.0,0.0,70.0,4452800
2017-06-24,70.0,69.99999991116854,70.00000008750702,70.0,70.0,0.0,0.0,0.0,0.0,0.0,0.0,0.0,0.0,0.0,0.0,0.0,0.0,70.0,4452800
2017-06-25,70.0,69.99999990851008,70.0000000901515,70.0,70.0,0.0,0.0,0.0,0.0,0.0,0.0,0.0,0.0,0.0,0.0,0.0,0.0,70.0,4452800
2017-06-26,70.0,69.9999999092903,70.00000008861319,70.0,70.0,0.0,0.0,0.0,0.0,0.0,0.0,0.0,0.0,0.0,0.0,0.0,0.0,70.0,4452800
2017-06-27,70.0,69.99999991166918,70.00000009353694,70.0,70.0,0.0,0.0,0.0,0.0,0.0,0.0,0.0,0.0,0.0,0.0,0.0,0.0,70.0,4452800
2017-06-28,70.0,69.99999990933048,70.00000009203396,70.0,70.0,0.0,0.0,0.0,0.0,0.0,0.0,0.0,0.0,0.0,0.0,0.0,0.0,70.0,4452800
2017-06-29,70.0,69.99999991103466,70.00000008477416,70.0,70.0,0.0,0.0,0.0,0.0,0.0,0.0,0.0,0.0,0.0,0.0,0.0,0.0,70.0,4452800
2017-06-30,70.0,69.99999990842284,70.00000009681901,70.0,70.0,0.0,0.0,0.0,0.0,0.0,0.0,0.0,0.0,0.0,0.0,0.0,0.0,70.0,4452800
2017-07-01,70.0,69.9999999105044,70.00000008757054,70.0,70.0,0.0,0.0,0.0,0.0,0.0,0.0,0.0,0.0,0.0,0.0,0.0,0.0,70.0,4452800
2017-07-02,70.0,69.99999990641037,70.00000009075954,70.0,70.0,0.0,0.0,0.0,0.0,0.0,0.0,0.0,0.0,0.0,0.0,0.0,0.0,70.0,4452800
2017-07-03,70.0,69.9999999088444,70.00000008315959,70.0,70.0,0.0,0.0,0.0,0.0,0.0,0.0,0.0,0.0,0.0,0.0,0.0,0.0,70.0,4452800
2017-07-04,70.0,69.99999990520188,70.00000009559636,70.0,70.0,0.0,0.0,0.0,0.0,0.0,0.0,0.0,0.0,0.0,0.0,0.0,0.0,70.0,4452800
2017-07-05,70.0,69.99999990299725,70.00000008989728,70.0,70.0,0.0,0.0,0.0,0.0,0.0,0.0,0.0,0.0,0.0,0.0,0.0,0.0,70.0,4452800
2017-07-06,70.0,69.99999991095392,70.00000009377223,70.0,70.0,0.0,0.0,0.0,0.0,0.0,0.0,0.0,0.0,0.0,0.0,0.0,0.0,70.0,4452800
2017-07-07,70.0,69.9999999102904,70.00000009176333,70.0,70.0,0.0,0.0,0.0,0.0,0.0,0.0,0.0,0.0,0.0,0.0,0.0,0.0,70.0,4452800
2017-07-08,70.0,69.99999991270374,70.00000008795772,70.0,70.0,0.0,0.0,0.0,0.0,0.0,0.0,0.0,0.0,0.0,0.0,0.0,0.0,70.0,4452800
2017-07-09,70.0,69.99999991192735,70.00000009064792,70.0,70.0,0.0,0.0,0.0,0.0,0.0,0.0,0.0,0.0,0.0,0.0,0.0,0.0,70.0,4452800
2017-07-10,70.0,69.99999990912721,70.00000009646088,70.0,70.0,0.0,0.0,0.0,0.0,0.0,0.0,0.0,0.0,0.0,0.0,0.0,0.0,70.0,4452800
2017-07-11,70.0,69.9999999069352,70.00000008296392,70.0,70.0,0.0,0.0,0.0,0.0,0.0,0.0,0.0,0.0,0.0,0.0,0.0,0.0,70.0,4452800
2017-07-12,70.0,69.99999990533446,70.00000008815219,70.0,70.0,0.0,0.0,0.0,0.0,0.0,0.0,0.0,0.0,0.0,0.0,0.0,0.0,70.0,4452800
2017-07-13,70.0,69.99999991414239,70.00000008613708,70.0,70.0,0.0,0.0,0.0,0.0,0.0,0.0,0.0,0.0,0.0,0.0,0.0,0.0,70.0,4452800
2017-07-14,70.0,69.99999991401535,70.00000009320392,70.0,70.0,0.0,0.0,0.0,0.0,0.0,0.0,0.0,0.0,0.0,0.0,0.0,0.0,70.0,4452800
2017-07-15,70.0,69.99999990728114,70.00000008541154,70.0,70.0,0.0,0.0,0.0,0.0,0.0,0.0,0.0,0.0,0.0,0.0,0.0,0.0,70.0,4452800
2017-07-16,70.0,69.9999999108012,70.00000008683517,70.0,70.0,0.0,0.0,0.0,0.0,0.0,0.0,0.0,0.0,0.0,0.0,0.0,0.0,70.0,4452800
2017-07-17,70.0,69.99999990345249,70.000000084286,70.0,70.0,0.0,0.0,0.0,0.0,0.0,0.0,0.0,0.0,0.0,0.0,0.0,0.0,70.0,4452800
2017-07-18,70.0,69.99999990914357,70.00000009368674,70.0,70.0,0.0,0.0,0.0,0.0,0.0,0.0,0.0,0.0,0.0,0.0,0.0,0.0,70.0,4452800
2017-07-19,70.0,69.99999991363958,70.0000000839375,70.0,70.0,0.0,0.0,0.0,0.0,0.0,0.0,0.0,0.0,0.0,0.0,0.0,0.0,70.0,4452800
2017-07-20,70.0,69.99999991193604,70.00000008839564,70.0,70.0,0.0,0.0,0.0,0.0,0.0,0.0,0.0,0.0,0.0,0.0,0.0,0.0,70.0,4452800
2017-07-21,70.0,69.99999990668933,70.00000009572584,70.0,70.0,0.0,0.0,0.0,0.0,0.0,0.0,0.0,0.0,0.0,0.0,0.0,0.0,70.0,4452800
2017-07-22,70.0,69.99999991173274,70.00000009666958,70.0,70.0,0.0,0.0,0.0,0.0,0.0,0.0,0.0,0.0,0.0,0.0,0.0,0.0,70.0,4452800
2017-07-23,70.0,69.99999990895742,70.0000000890397,70.0,70.0,0.0,0.0,0.0,0.0,0.0,0.0,0.0,0.0,0.0,0.0,0.0,0.0,70.0,4452800
2017-07-24,70.0,69.99999990329589,70.0000000929822,70.0,70.0,0.0,0.0,0.0,0.0,0.0,0.0,0.0,0.0,0.0,0.0,0.0,0.0,70.0,4452800
2017-07-25,70.0,69.9999999156836,70.00000008880733,70.0,70.0,0.0,0.0,0.0,0.0,0.0,0.0,0.0,0.0,0.0,0.0,0.0,0.0,70.0,4452800
2017-07-26,70.0,69.99999991170765,70.0000000902265,70.0,70.0,0.0,0.0,0.0,0.0,0.0,0.0,0.0,0.0,0.0,0.0,0.0,0.0,70.0,4452800
2017-07-27,70.0,69.99999990301184,70.0000000845849,70.0,70.0,0.0,0.0,0.0,0.0,0.0,0.0,0.0,0.0,0.0,0.0,0.0,0.0,70.0,4452800
2017-07-28,70.0,69.99999991344163,70.00000009345969,70.0,70.0,0.0,0.0,0.0,0.0,0.0,0.0,0.0,0.0,0.0,0.0,0.0,0.0,70.0,4452800
2017-07-29,70.0,69.99999991299053,70.00000009280188,70.0,70.0,0.0,0.0,0.0,0.0,0.0,0.0,0.0,0.0,0.0,0.0,0.0,0.0,70.0,4452800
2017-07-30,70.0,69.99999991388457,70.00000008721983,70.0,70.0,0.0,0.0,0.0,0.0,0.0,0.0,0.0,0.0,0.0,0.0,0.0,0.0,70.0,4452800
2017-07-31,70.0,69.99999991141155,70.00000009252234,70.0,70.0,0.0,0.0,0.0,0.0,0.0,0.0,0.0,0.0,0.0,0.0,0.0,0.0,70.0,4452800
2017-08-01,70.0,69.99999990734685,70.00000008854174,70.0,70.0,0.0,0.0,0.0,0.0,0.0,0.0,0.0,0.0,0.0,0.0,0.0,0.0,70.0,4452800
2017-08-02,70.0,69.99999991254293,70.00000008435823,70.0,70.0,0.0,0.0,0.0,0.0,0.0,0.0,0.0,0.0,0.0,0.0,0.0,0.0,70.0,4452800
2017-08-03,70.0,69.99999991282898,70.00000009572243,70.0,70.0,0.0,0.0,0.0,0.0,0.0,0.0,0.0,0.0,0.0,0.0,0.0,0.0,70.0,4452800
2017-08-04,70.0,69.99999991011096,70.0000000986309,70.0,70.0,0.0,0.0,0.0,0.0,0.0,0.0,0.0,0.0,0.0,0.0,0.0,0.0,70.0,4452800
2017-08-05,70.0,69.9999999092021,70.00000009268278,70.0,70.0,0.0,0.0,0.0,0.0,0.0,0.0,0.0,0.0,0.0,0.0,0.0,0.0,70.0,4452800
2017-08-06,70.0,69.99999990654474,70.00000008514614,70.0,70.0,0.0,0.0,0.0,0.0,0.0,0.0,0.0,0.0,0.0,0.0,0.0,0.0,70.0,4452800
2017-08-07,70.0,69.99999990674421,70.00000008069698,70.0,70.0,0.0,0.0,0.0,0.0,0.0,0.0,0.0,0.0,0.0,0.0,0.0,0.0,70.0,4452800
2017-08-08,70.0,69.99999990563997,70.0000000926478,70.0,70.0,0.0,0.0,0.0,0.0,0.0,0.0,0.0,0.0,0.0,0.0,0.0,0.0,70.0,4452800
2017-08-09,70.0,69.9999999095543,70.00000008810186,70.0,70.0,0.0,0.0,0.0,0.0,0.0,0.0,0.0,0.0,0.0,0.0,0.0,0.0,70.0,4452800
2017-08-10,70.0,69.99999991094485,70.00000008898934,70.0,70.0,0.0,0.0,0.0,0.0,0.0,0.0,0.0,0.0,0.0,0.0,0.0,0.0,70.0,4452800
2017-08-11,70.0,69.9999999040223,70.00000008346157,70.0,70.0,0.0,0.0,0.0,0.0,0.0,0.0,0.0,0.0,0.0,0.0,0.0,0.0,70.0,4452800
2017-08-12,70.0,69.9999999014674,70.00000008785673,70.0,70.0,0.0,0.0,0.0,0.0,0.0,0.0,0.0,0.0,0.0,0.0,0.0,0.0,70.0,4452800
2017-08-13,70.0,69.9999999076872,70.00000008726738,70.0,70.0,0.0,0.0,0.0,0.0,0.0,0.0,0.0,0.0,0.0,0.0,0.0,0.0,70.0,4452800
2017-08-14,70.0,69.99999991350559,70.00000009217402,70.0,70.0,0.0,0.0,0.0,0.0,0.0,0.0,0.0,0.0,0.0,0.0,0.0,0.0,70.0,4452800
2017-08-15,70.0,69.99999990767502,70.00000009594055,70.0,70.0,0.0,0.0,0.0,0.0,0.0,0.0,0.0,0.0,0.0,0.0,0.0,0.0,70.0,4452800
2017-08-16,70.0,69.99999991448574,70.00000009186678,70.0,70.0,0.0,0.0,0.0,0.0,0.0,0.0,0.0,0.0,0.0,0.0,0.0,0.0,70.0,4452800
2017-08-17,70.0,69.99999991149332,70.00000009483598,70.0,70.0,0.0,0.0,0.0,0.0,0.0,0.0,0.0,0.0,0.0,0.0,0.0,0.0,70.0,4452800
2017-08-18,70.0,69.99999990757695,70.00000008806569,70.0,70.0,0.0,0.0,0.0,0.0,0.0,0.0,0.0,0.0,0.0,0.0,0.0,0.0,70.0,4452800
2017-08-19,70.0,69.99999990717092,70.00000008690348,70.0,70.0,0.0,0.0,0.0,0.0,0.0,0.0,0.0,0.0,0.0,0.0,0.0,0.0,70.0,4452800
2017-08-20,70.0,69.99999990901335,70.00000008778198,70.0,70.0,0.0,0.0,0.0,0.0,0.0,0.0,0.0,0.0,0.0,0.0,0.0,0.0,70.0,4452800
2017-08-21,70.0,69.99999991204902,70.00000009171714,70.0,70.0,0.0,0.0,0.0,0.0,0.0,0.0,0.0,0.0,0.0,0.0,0.0,0.0,70.0,4452800
2017-08-22,70.0,69.99999991041517,70.00000009042566,70.0,70.0,0.0,0.0,0.0,0.0,0.0,0.0,0.0,0.0,0.0,0.0,0.0,0.0,70.0,4452800
2017-08-23,70.0,69.99999990631534,70.00000008764717,70.0,70.0,0.0,0.0,0.0,0.0,0.0,0.0,0.0,0.0,0.0,0.0,0.0,0.0,70.0,4452800
2017-08-24,70.0,69.99999990689797,70.00000008999832,70.0,70.0,0.0,0.0,0.0,0.0,0.0,0.0,0.0,0.0,0.0,0.0,0.0,0.0,70.0,4452800
2017-08-25,70.0,69.99999991125671,70.00000008807332,70.0,70.0,0.0,0.0,0.0,0.0,0.0,0.0,0.0,0.0,0.0,0.0,0.0,0.0,70.0,4452800
2017-08-26,70.0,69.99999991353906,70.00000008982722,70.0,70.0,0.0,0.0,0.0,0.0,0.0,0.0,0.0,0.0,0.0,0.0,0.0,0.0,70.0,4452800
2017-08-27,70.0,69.9999999066094,70.00000009014629,70.0,70.0,0.0,0.0,0.0,0.0,0.0,0.0,0.0,0.0,0.0,0.0,0.0,0.0,70.0,4452800
2017-08-28,70.0,69.99999990967758,70.000000094006,70.0,70.0,0.0,0.0,0.0,0.0,0.0,0.0,0.0,0.0,0.0,0.0,0.0,0.0,70.0,4452800
2017-08-29,70.0,69.99999990662296,70.00000008543763,70.0,70.0,0.0,0.0,0.0,0.0,0.0,0.0,0.0,0.0,0.0,0.0,0.0,0.0,70.0,4452800
2017-08-30,70.0,69.99999990587617,70.00000009071258,70.0,70.0,0.0,0.0,0.0,0.0,0.0,0.0,0.0,0.0,0.0,0.0,0.0,0.0,70.0,4452800
2017-08-31,70.0,69.99999990644304,70.00000008697467,70.0,70.0,0.0,0.0,0.0,0.0,0.0,0.0,0.0,0.0,0.0,0.0,0.0,0.0,70.0,4452800
2017-09-01,70.0,69.99999991067692,70.00000009481958,70.0,70.0,0.0,0.0,0.0,0.0,0.0,0.0,0.0,0.0,0.0,0.0,0.0,0.0,70.0,4452800
2017-09-02,70.0,69.99999990436618,70.00000009149176,70.0,70.0,0.0,0.0,0.0,0.0,0.0,0.0,0.0,0.0,0.0,0.0,0.0,0.0,70.0,4452800
2017-09-03,70.0,69.9999999098559,70.00000008802121,70.0,70.0,0.0,0.0,0.0,0.0,0.0,0.0,0.0,0.0,0.0,0.0,0.0,0.0,70.0,4452800
2017-09-04,70.0,69.99999991085822,70.00000009027407,70.0,70.0,0.0,0.0,0.0,0.0,0.0,0.0,0.0,0.0,0.0,0.0,0.0,0.0,70.0,4452800
2017-09-05,70.0,69.99999991138029,70.00000008128805,70.0,70.0,0.0,0.0,0.0,0.0,0.0,0.0,0.0,0.0,0.0,0.0,0.0,0.0,70.0,4452800
2017-09-06,70.0,69.99999990767398,70.00000008920703,70.0,70.0,0.0,0.0,0.0,0.0,0.0,0.0,0.0,0.0,0.0,0.0,0.0,0.0,70.0,4452800
2017-09-07,70.0,69.99999991434981,70.00000009155875,70.0,70.0,0.0,0.0,0.0,0.0,0.0,0.0,0.0,0.0,0.0,0.0,0.0,0.0,70.0,4452800
2017-09-08,70.0,69.99999991959334,70.00000008438091,70.0,70.0,0.0,0.0,0.0,0.0,0.0,0.0,0.0,0.0,0.0,0.0,0.0,0.0,70.0,4452800
2017-09-09,70.0,69.99999991214253,70.00000009256088,69.99999999941845,70.00000000069272,0.0,0.0,0.0,0.0,0.0,0.0,0.0,0.0,0.0,0.0,0.0,0.0,70.0,4452800
2017-09-10,70.0,69.99999990858579,70.00000008494335,69.9999999983795,70.00000000185767,0.0,0.0,0.0,0.0,0.0,0.0,0.0,0.0,0.0,0.0,0.0,0.0,70.0,4452800
2017-09-11,70.0,69.99999991220224,70.00000009452532,69.99999999709594,70.00000000296208,0.0,0.0,0.0,0.0,0.0,0.0,0.0,0.0,0.0,0.0,0.0,0.0,70.0,4452800
2017-09-12,70.0,69.99999990679724,70.00000008391724,69.99999999547848,70.00000000426947,0.0,0.0,0.0,0.0,0.0,0.0,0.0,0.0,0.0,0.0,0.0,0.0,70.0,4452800
2017-09-13,70.0,69.99999990693031,70.00000008757367,69.99999999407616,70.00000000578112,0.0,0.0,0.0,0.0,0.0,0.0,0.0,0.0,0.0,0.0,0.0,0.0,70.0,4452800
2017-09-14,70.0,69.9999999090919,70.00000009387117,69.99999999194807,70.0000000073555,0.0,0.0,0.0,0.0,0.0,0.0,0.0,0.0,0.0,0.0,0.0,0.0,70.0,4452800
2017-09-15,70.0,69.99999989960136,70.00000008481331,69.99999998954775,70.00000000940089,0.0,0.0,0.0,0.0,0.0,0.0,0.0,0.0,0.0,0.0,0.0,0.0,70.0,4452800
2017-09-16,70.0,69.99999990898687,70.00000009247827,69.99999998696599,70.00000001134188,0.0,0.0,0.0,0.0,0.0,0.0,0.0,0.0,0.0,0.0,0.0,0.0,70.0,4452800
2017-09-17,70.0,69.99999991007466,70.00000009575157,69.99999998437431,70.00000001333353,0.0,0.0,0.0,0.0,0.0,0.0,0.0,0.0,0.0,0.0,0.0,0.0,70.0,4452800
2017-09-18,70.0,69.99999990765755,70.00000009718516,69.99999998258956,70.0000000151811,0.0,0.0,0.0,0.0,0.0,0.0,0.0,0.0,0.0,0.0,0.0,0.0,70.0,4452800
2017-09-19,70.0,69.99999990557353,70.00000010123611,69.99999997947434,70.00000001697579,0.0,0.0,0.0,0.0,0.0,0.0,0.0,0.0,0.0,0.0,0.0,0.0,70.0,4452800
2017-09-20,70.0,69.99999990464708,70.00000009214149,69.99999997748284,70.00000001896889,0.0,0.0,0.0,0.0,0.0,0.0,0.0,0.0,0.0,0.0,0.0,0.0,70.0,4452800
2017-09-21,70.0,69.99999990753405,70.00000009958337,69.99999997453348,70.00000002144668,0.0,0.0,0.0,0.0,0.0,0.0,0.0,0.0,0.0,0.0,0.0,0.0,70.0,4452800
2017-09-22,70.0,69.99999990045893,70.00000010096925,69.99999997002125,70.00000002452026,0.0,0.0,0.0,0.0,0.0,0.0,0.0,0.0,0.0,0.0,0.0,0.0,70.0,4452800
2017-09-23,70.0,69.99999989983851,70.00000009890641,69.99999996712636,70.0000000273995,0.0,0.0,0.0,0.0,0.0,0.0,0.0,0.0,0.0,0.0,0.0,0.0,70.0,4452800
2017-09-24,70.0,69.9999999025002,70.00000009241997,69.99999996515565,70.00000002997584,0.0,0.0,0.0,0.0,0.0,0.0,0.0,0.0,0.0,0.0,0.0,0.0,70.0,4452800
2017-09-25,70.0,69.99999990915491,70.00000009704617,69.99999996229543,70.00000003317624,0.0,0.0,0.0,0.0,0.0,0.0,0.0,0.0,0.0,0.0,0.0,0.0,70.0,4452800
2017-09-26,70.0,69.99999990911084,70.00000009480455,69.99999995863543,70.00000003618253,0.0,0.0,0.0,0.0,0.0,0.0,0.0,0.0,0.0,0.0,0.0,0.0,70.0,4452800
2017-09-27,70.0,69.99999989396696,70.00000009652743,69.99999995473723,70.0000000396144,0.0,0.0,0.0,0.0,0.0,0.0,0.0,0.0,0.0,0.0,0.0,0.0,70.0,4452800
2017-09-28,70.0,69.99999989644508,70.00000010157562,69.99999995223415,70.00000004242001,0.0,0.0,0.0,0.0,0.0,0.0,0.0,0.0,0.0,0.0,0.0,0.0,70.0,4452800
2017-09-29,70.0,69.99999989136003,70.00000010269599,69.99999994956568,70.00000004618445,0.0,0.0,0.0,0.0,0.0,0.0,0.0,0.0,0.0,0.0,0.0,0.0,70.0,4452800
2017-09-30,70.0,69.99999989313224,70.00000009649781,69.99999994675997,70.00000004919244,0.0,0.0,0.0,0.0,0.0,0.0,0.0,0.0,0.0,0.0,0.0,0.0,70.0,4452800
2017-10-01,70.0,69.99999989019872,70.0000001052939,69.9999999436048,70.00000005385776,0.0,0.0,0.0,0.0,0.0,0.0,0.0,0.0,0.0,0.0,0.0,0.0,70.0,4452800
2017-10-02,70.0,69.99999989169157,70.00000010882049,69.99999994068668,70.00000005837062,0.0,0.0,0.0,0.0,0.0,0.0,0.0,0.0,0.0,0.0,0.0,0.0,70.0,4452800
2017-10-03,70.0,69.99999988542484,70.00000011251763,69.999999936707,70.00000006095836,0.0,0.0,0.0,0.0,0.0,0.0,0.0,0.0,0.0,0.0,0.0,0.0,70.0,4452800
2017-10-04,70.0,69.99999988520685,70.00000011286318,69.99999993232852,70.00000006498703,0.0,0.0,0.0,0.0,0.0,0.0,0.0,0.0,0.0,0.0,0.0,0.0,70.0,4452800
2017-10-05,70.0,69.99999988080675,70.00000011649713,69.99999992810375,70.0000000688088,0.0,0.0,0.0,0.0,0.0,0.0,0.0,0.0,0.0,0.0,0.0,0.0,70.0,4452800
